MONTH,before,after
1,0.04838709677419355,0.15280135823429541
2,2.1769911504424777,1.5700934579439254
3,2.903225806451613,2.597623089983022
4,5.25,2.9473684210526314
5,4.645161290322581,2.699490662139219
6,6.85,4.368421052631579
7,6.967741935483871,2.903225806451613
8,8.274193548387098,3.4125636672325976
9,10.75,8.0
10,10.741935483870968,8.73015873015873
11,3.7123745819397995,3.111111111111111
12,0.0967741935483871,0.053763440860215055
